"file","total_count","unique_dna","unique_aa","count_min","count_max","count_mean","freq_min","freq_max","freq_mean","shannon_entropy","shannon_clonality","simpson_clonality","gini_coefficient","XL_clone_no","L_clone_no","M_clone_no","S_clone_no","XS_clone_no","XL_clone_freq","L_clone_freq","M_clone_freq","S_clone_freq","XS_clone_freq","XL_rep_freq","L_rep_freq","M_rep_freq","S_rep_freq","XS_rep_freq"
"P10-PB1.tsv",51396,10000,8315,2,5458,5.1396,3.89135341271694e-05,0.106195034633045,9.99999999999942e-05,11.0699352726335,0.166904358219643,0.119959649222998,0.490353045084251,5,37,1079,8879,0,5e-04,0.0037,0.1079,0.8879,0,0.204763,0.098996,0.21348,0.482761,0
"P10-PB2.tsv",53855,10000,8331,2,6958,5.3855,3.71367561043543e-05,0.129198774487049,9.99999999999934e-05,10.6308885946729,0.199945913110337,0.145911440694523,0.526381576689383,6,35,1074,8885,0,6e-04,0.0035,0.1074,0.8885,0,0.25966,0.0871228,0.202971,0.450246,0
