"file","total_count","unique_dna","unique_aa","count_min","count_max","count_mean","freq_min","freq_max","freq_mean","shannon_entropy","shannon_clonality","simpson_clonality","gini_coefficient","XL_clone_no","L_clone_no","M_clone_no","S_clone_no","XS_clone_no","XL_clone_freq","L_clone_freq","M_clone_freq","S_clone_freq","XS_clone_freq","XL_rep_freq","L_rep_freq","M_rep_freq","S_rep_freq","XS_rep_freq"
"P10-PB1.tsv",298204,239759,185079,1,5458,1.24376561463803,3.35340907566632e-06,0.0183029067349868,4.17085490012852e-06,17.282321929173,0.0329526096989591,0.0207515153089396,0.180191475372243,1,7,64,5822,233865,4.17085e-06,2.9196e-05,0.000266935,0.0242827,0.975417,0.0183029,0.0204323,0.0173874,0.088691,0.855186
"P10-PB2.tsv",259594,203783,157714,1,6958,1.27387466079114,3.852169156452e-06,0.026803392990593,4.90718067748775e-06,16.838670057506,0.0452468596275899,0.0303268162023979,0.200605959095134,1,9,85,5297,198391,4.90718e-06,4.41646e-05,0.00041711,0.0259933,0.97354,0.0268034,0.0317804,0.0204473,0.0929259,0.828043
