"","file","unique_clones","total_count","count_min","count_max","count_mean","freq_min","freq_max","freq_mean","shannon_entropy","shannon_clonality","simpson_clonality","XL_clone_no","L_clone_no","M_clone_no","S_clone_no","XS_clone_no","XL_clone_freq","L_clone_freq","M_clone_freq","S_clone_freq","XS_clone_freq","XL_rep_freq","L_rep_freq","M_rep_freq","S_rep_freq","XS_rep_freq"
"P10-PB1.tsv","P10-PB1.tsv",9368,10000,1,202,1.06746370623399,1e-04,0.0202,0.000106746370623399,12.966968057251,0.0171718549106241,0.0245246814454337,1,6,143,9218,0,0.000106746,0.000640478,0.0152647,0.983988,0,0.0202,0.0197,0.0383,0.9218,0
"P10-PB2.tsv","P10-PB2.tsv",9115,10000,1,312,1.09709270433352,1e-04,0.0312,0.000109709270433352,12.7653090096488,0.0295512494404481,0.0366944137437839,2,6,159,8948,0,0.000219419,0.000658256,0.0174438,0.981679,0,0.0434,0.0216,0.0402,0.8948,0
"P10-PB3.tsv","P10-PB3.tsv",9071,10000,1,318,1.10241428728916,1e-04,0.0318,0.000110241428728916,12.7317839155908,0.0315859529861408,0.0379763084040563,3,6,159,8903,0,0.000330724,0.000661449,0.0175284,0.981479,0,0.0552,0.0146,0.0399,0.8903,0
"P10-T.tsv","P10-T.tsv",5184,10000,1,228,1.92901234567901,1e-04,0.0228,0.000192901234567901,11.0353776533065,0.105712172293273,0.0548909828660409,7,68,971,4138,0,0.00135031,0.0131173,0.187307,0.798225,0,0.124,0.1612,0.301,0.4138,0
"P9-PB1.tsv","P9-PB1.tsv",2389,10000,1,884,4.18585182084554,1e-04,0.0884,0.000418585182084554,7.83950316131909,0.30142847643589,0.149715597049873,17,67,293,2012,0,0.00711595,0.0280452,0.122645,0.842193,0,0.4773,0.2258,0.0957,0.2012,0
"P9-PB2.tsv","P9-PB2.tsv",3927,10000,1,692,2.54647313470843,1e-04,0.0692,0.000254647313470843,9.21918115355277,0.227823306583798,0.114839366072789,13,61,361,3492,0,0.00331042,0.0155335,0.0919277,0.889228,0,0.335,0.2035,0.1123,0.3492,0
"P9-PB3.tsv","P9-PB3.tsv",3771,10000,1,667,2.65181649429859,1e-04,0.0667,0.000265181649429859,9.01665208727568,0.241069277889273,0.118317792406721,14,53,330,3374,0,0.00371254,0.0140546,0.0875099,0.894723,0,0.3618,0.198,0.1028,0.3374,0
"P9-T.tsv","P9-T.tsv",1679,10000,1,1026,5.95592614651578,1e-04,0.1026,0.000595592614651578,7.02551403420101,0.344230321158883,0.19548728858931,13,66,422,1178,0,0.0077427,0.0393091,0.25134,0.701608,0,0.5496,0.1836,0.149,0.1178,0
