"file","total_count","unique_dna","unique_aa","count_min","count_max","count_mean","freq_min","freq_max","freq_mean","shannon_entropy","shannon_clonality","simpson_clonality","gini_coefficient","XL_clone_no","L_clone_no","M_clone_no","S_clone_no","XS_clone_no","XL_clone_freq","L_clone_freq","M_clone_freq","S_clone_freq","XS_clone_freq","XL_rep_freq","L_rep_freq","M_rep_freq","S_rep_freq","XS_rep_freq"
"P10-PB1.tsv",243691,194441,181624,1,5458,1.25329020114071,4.10355737388742e-06,0.0223972161466776,5.1429482465122e-06,16.9336804822261,0.0361599083556575,0.0251145955140309,0.185546739340875,1,7,61,4820,189552,5.14295e-06,3.60006e-05,0.00031372,0.024789,0.974856,0.0223972,0.0229266,0.01577,0.0885548,0.850351
"P10-PB2.tsv",213070,165345,154829,1,6958,1.28863890652877,4.69329328389731e-06,0.0326559346693575,6.04796032537852e-06,16.4529156475208,0.0508911534328457,0.0367062482733917,0.209079134791837,2,9,77,4363,160894,1.20959e-05,5.44316e-05,0.000465693,0.0263873,0.973081,0.0440513,0.0260243,0.0172666,0.0927536,0.819904
